23èmes journées Interactives de Réalités Pédiatriques;https://novalac.kaiman.fr/event_timeline/23eme-journee-interactives-de-realites-pediatriques/
"3-6-9-12 Pour une “diététique” des écrans";https://novalac.kaiman.fr/nutrition_infantile/3-6-9-12-pour-une-dietetique-des-ecrans/
42e congrès du GFHGNP : Groupe Francophone d’Hépato-Gastro et Nutrition Pédiatrique;https://novalac.kaiman.fr/event_timeline/42e-congres-du-groupe-francophone-hepato-gastro-et-nutrition-pediatrique/
"54e réunion annuelle de l ESPGHAN";https://novalac.kaiman.fr/event_timeline/54e-reunion-annuelle-de-espghan/
Accueil;https://novalac.kaiman.fr/
Actualités nutrition infantile;https://novalac.kaiman.fr/actualites-nutrition-infantile/
Allergies sévères et/ou résistantes au HPP;https://novalac.kaiman.fr/information-medicale-et-pratique/allergies-severes-et-ou-resistantes-au-hpp/
Alternative végétale;https://novalac.kaiman.fr/information-medicale-et-pratique/alternative-vegetale/
Alternative végétale en cas de régurgitations;https://novalac.kaiman.fr/information-medicale-et-pratique/alternative-vegetale-en-cas-de-regurgitations/
Article 2;https://novalac.kaiman.fr/information-medicale-et-pratique/article-2/
Article 3;https://novalac.kaiman.fr/information-medicale-et-pratique/article-3/
Article 5;https://novalac.kaiman.fr/information-medicale-et-pratique/article-5/
Article 6;https://novalac.kaiman.fr/information-medicale-et-pratique/article-6/
Article 7;https://novalac.kaiman.fr/information-medicale-et-pratique/article-7/
Article A;https://novalac.kaiman.fr/nutrition_infantile/article-a/
Article B;https://novalac.kaiman.fr/nutrition_infantile/article-b/
Article C;https://novalac.kaiman.fr/nutrition_infantile/article-c/
Article D;https://novalac.kaiman.fr/nutrition_infantile/article-d/
Article E;https://novalac.kaiman.fr/nutrition_infantile/article-e/
Article F;https://novalac.kaiman.fr/nutrition_infantile/article-f/
Article G;https://novalac.kaiman.fr/nutrition_infantile/article-g/
Article H;https://novalac.kaiman.fr/nutrition_infantile/article-h/
Article I;https://novalac.kaiman.fr/nutrition_infantile/article-i/
Article J;https://novalac.kaiman.fr/nutrition_infantile/article-j/
Article K;https://novalac.kaiman.fr/nutrition_infantile/article-k/
"Association Française de Pédiatrie Ambulatoire Juin";https://novalac.kaiman.fr/event_timeline/association-francaise-pediatrie-ambulatoire-juin/
Autisme : les bonnes conduites pour un dépistage précis et efficace;https://novalac.kaiman.fr/nutrition_infantile/autisme-les-bonnes-conduites-pour-un-depistage-precis-et-efficace/
Autour de bébé;https://novalac.kaiman.fr/information-medicale-et-pratique/autour-de-bebe/
Coliques du nourrisson;https://novalac.kaiman.fr/information-medicale-et-pratique/bloc-note-et-fiche-conseils-coliques/
Constipation du nourrisson;https://novalac.kaiman.fr/information-medicale-et-pratique/bloc-note-et-fiche-conseils-constipation/
Constipation du nourrisson. Point de vue du gastroentérologue;https://novalac.kaiman.fr/nutrition_infantile/constipation-du-nourrisson-point-de-vue-du-gastroenterologue/
CrossDoc : téléexpertise labellisée;https://novalac.kaiman.fr/partenaires/crossdoc-teleexpertise-labellisee/
Dépister et aider les enfants;https://novalac.kaiman.fr/information-medicale-et-pratique/depister-et-aider-les-enfants/
Des Troubles Envahissants du Développement (TED) aux Troubles du Spectre Autistique (TSA);https://novalac.kaiman.fr/information-medicale-et-pratique/des-troubles-envahissants-du-developpement-ted-aux-troubles-du-spectre-autistique-tsa/
En cas de constipation;https://novalac.kaiman.fr/information-medicale-et-pratique/en-cas-de-constipation/
En cas de douleurs abdominales gaz et ballonnements;https://novalac.kaiman.fr/information-medicale-et-pratique/en-cas-de-douleurs-abdominales-gaz-et-ballonnements/
En cas de manifestations allergiques;https://novalac.kaiman.fr/information-medicale-et-pratique/etude-clinique/
En cas de manifestations allergiques associées à des régurgitations;https://novalac.kaiman.fr/information-medicale-et-pratique/en-cas-de-manifestations-allergiques-associees-a-des-regurgitations/
En cas de régurgitations;https://novalac.kaiman.fr/information-medicale-et-pratique/test-etude-clinique/
En cas de régurgitations importantes;https://novalac.kaiman.fr/information-medicale-et-pratique/test-2-etude-clinique/
Enquête DOLCIA;https://novalac.kaiman.fr/information-medicale-et-pratique/enquete-dolcia/
Enquête IMPACT;https://novalac.kaiman.fr/information-medicale-et-pratique/enquete-impact/
Enquête LUNE;https://novalac.kaiman.fr/information-medicale-et-pratique/enquete-lune/
Enquête ROME;https://novalac.kaiman.fr/information-medicale-et-pratique/enquete-rome/
"Événements & Agenda";https://novalac.kaiman.fr/evenements-agenda/
"Expertise & gamme Novalac";https://novalac.kaiman.fr/expertise-gamme-novalac/
Fiches posologiques produits;https://novalac.kaiman.fr/information-medicale-et-pratique/fiche-posologique/
Grossesse et alimentation;https://novalac.kaiman.fr/information-medicale-et-pratique/grossesse-alimentation/
"Hypersensibilité au gluten. Une maladie d époque ?";https://novalac.kaiman.fr/nutrition_infantile/hypersensibilite-au-gluten-une-maladie-depoque/
Journée Médecine et Enfance à la maison de la chimie;https://novalac.kaiman.fr/event_timeline/journee-medecine-et-enfance-a-la-maison-de-la-chimie/
La qualité Novalac;https://novalac.kaiman.fr/expertise-gamme-novalac/la-qualite-novalac/
Le Complexe PAX;https://novalac.kaiman.fr/expertise-gamme-novalac/le-complexe-pax/
Les allergies aux colorants Un risque surestimé ?;https://novalac.kaiman.fr/nutrition_infantile/les-allergies-aux-colorants-un-risque-surestime/
Les laits épaissis Traitement du RGO;https://novalac.kaiman.fr/nutrition_infantile/les-laits-epaissis-traitement-du-rgo/
"Les références Novalac dans l APLV";https://novalac.kaiman.fr/information-medicale-et-pratique/fiche-references-aplv/
Médicaments dans les régurgitations. Trop de prescriptions … sans décrocher la Lune !;https://novalac.kaiman.fr/nutrition_infantile/medicaments-dans-les-regurgitations-trop-de-prescriptions-sans-decrocher-la-lune/
Mentions légales;https://novalac.kaiman.fr/mentions-legales/
Microbiote intestinal et prévention des diarrhées nosocomiales;https://novalac.kaiman.fr/information-medicale-et-pratique/microbiote-intestinal-et-prevention-des-diarrhees-nosocomiales/
"Microbiote intestinal et prévention des diarrhées nosocomiales Un écosystème riche mais non infaillible";https://novalac.kaiman.fr/nutrition_infantile/microbiote-intestinal-et-prevention-des-diarrhees-nosocomiales-un-ecosysteme-riche-mais-non-infaillible/
MON BÉBÉ A DES COLIQUES Les conseils de mon médecin;https://novalac.kaiman.fr/information-medicale-et-pratique/fiche-conseil-medecin-colique/
MON BÉBÉ EST CONSTIPÉ Les conseils de mon médecin;https://novalac.kaiman.fr/information-medicale-et-pratique/fiche-conseil-medecins-constipation/
Netiquette;https://novalac.kaiman.fr/netiquette/
Nous contacter;https://novalac.kaiman.fr/nous-contacter/
Nouveautés Novalac;https://novalac.kaiman.fr/expertise-gamme-novalac/nouveautes-novalac/
Novalac 1;https://novalac.kaiman.fr/expertise_gammes/novalac-1/
Novalac 1 Bio;https://novalac.kaiman.fr/expertise_gammes/novalac-1-bio/
Novalac 2;https://novalac.kaiman.fr/expertise_gammes/novalac-2/
Novalac 2 Bio;https://novalac.kaiman.fr/expertise_gammes/novalac-2-bio/
Novalac 3;https://novalac.kaiman.fr/expertise_gammes/novalac-3/
Novalac 3 banane-pomme;https://novalac.kaiman.fr/expertise_gammes/novalac-3-banane-pomme/
Novalac 3 Bio;https://novalac.kaiman.fr/expertise_gammes/novalac-3-bio/
Novalac AC;https://novalac.kaiman.fr/expertise_gammes/novalac-ac/
Novalac Allernova;https://novalac.kaiman.fr/expertise_gammes/novalac-allernova/
Novalac Allernova AR;https://novalac.kaiman.fr/expertise_gammes/novalac-allernova-ar/
Novalac Amina;https://novalac.kaiman.fr/expertise_gammes/novalac-amina/
Novalac AR;https://novalac.kaiman.fr/expertise_gammes/novalac-ar/
Novalac AR+ 0-6 mois;https://novalac.kaiman.fr/expertise_gammes/novalac-ar-0-6-mois/
Novalac AR+ 6-36 mois;https://novalac.kaiman.fr/expertise_gammes/novalac-ar-6-36-mois/
Novalac Diarinova;https://novalac.kaiman.fr/expertise_gammes/novalac-diarinova/
Novalac Hydranova;https://novalac.kaiman.fr/expertise_gammes/novalac-hydranova/
Novalac Relia 1;https://novalac.kaiman.fr/expertise_gammes/novalac-relia-1/
Novalac Relia 2;https://novalac.kaiman.fr/expertise_gammes/novalac-relia-2/
Novalac Riz;https://novalac.kaiman.fr/expertise_gammes/novalac-riz/
Novalac Riz AR;https://novalac.kaiman.fr/expertise_gammes/novalac-riz-ar/
Novalac S1;https://novalac.kaiman.fr/expertise_gammes/novalac-s1/
Novalac S2;https://novalac.kaiman.fr/expertise_gammes/novalac-s2/
Novalac Transit+;https://novalac.kaiman.fr/expertise_gammes/novalac-transit/
Poster gamme Novalac;https://novalac.kaiman.fr/information-medicale-et-pratique/poster-gamme-novalac/
Protection des données et cookies;https://novalac.kaiman.fr/protection-des-donnees-et-cookies/
Quelles indications des aminos-acides ?;https://novalac.kaiman.fr/nutrition_infantile/quelles-indications-des-aminos-acides/
Téléthon;https://novalac.kaiman.fr/partenaires/telethon/
Une constipation qui cache le trouble du spectre autistique;https://novalac.kaiman.fr/nutrition_infantile/une-constipation-qui-cache-le-trouble-du-spectre-autistique/
